Date,Mean live coral cover (percent),Lower confidence interval,Upper confidence interval,Confidence interval span
1985.5,27.294363,25.357747,29.320783,3.963036
1985.52603,27.252621,25.324541,29.269957,3.945416
1985.55205,27.210921,25.29129,29.219268,3.927978
1985.57808,27.169265,25.257996,29.168717,3.910721
1985.6041,27.127654,25.224659,29.118308,3.893649
1985.63013,27.086091,25.191281,29.068044,3.876763
1985.65616,27.044577,25.157862,29.017926,3.860064
1985.68218,27.003115,25.124404,28.967959,3.843555
1985.70821,26.961706,25.090908,28.918144,3.827236
1985.73423,26.920352,25.057375,28.868484,3.811109
1985.76026,26.879056,25.023806,28.818982,3.795176
1985.78629,26.837818,24.990203,28.769641,3.779438
1985.81231,26.796641,24.956565,28.720463,3.763898
1985.83834,26.755526,24.922896,28.67145,3.748554
1985.86436,26.714476,24.889195,28.622606,3.733411
1985.89039,26.673492,24.855464,28.573932,3.718468
1985.91642,26.632576,24.821705,28.525431,3.703726
1985.94244,26.59173,24.787919,28.477105,3.689186
1985.96847,26.550956,24.754106,28.428957,3.674851
1985.99449,26.510255,24.720268,28.380989,3.660721
1986.02052,26.469629,24.686407,28.333203,3.646796
1986.04655,26.429081,24.652524,28.285602,3.633078
1986.07257,26.388611,24.618621,28.238187,3.619566
1986.0986,26.348222,24.584698,28.190961,3.606263
1986.12463,26.307915,24.550757,28.143926,3.593169
1986.15065,26.267693,24.516799,28.097084,3.580285
1986.17668,26.227556,24.482827,28.050437,3.56761
1986.2027,26.187507,24.448842,28.003987,3.555145
1986.22873,26.147548,24.414844,27.957736,3.542892
1986.25476,26.107679,24.380836,27.911686,3.53085
1986.28078,26.067904,24.34682,27.865838,3.519018
1986.30681,26.028222,24.312796,27.820195,3.507399
1986.33283,25.988637,24.278766,27.774758,3.495992
1986.35886,25.94915,24.244733,27.729529,3.484796
1986.38489,25.909763,24.210698,27.68451,3.473812
1986.41091,25.870477,24.176662,27.639702,3.46304
1986.43694,25.831293,24.142627,27.595107,3.45248
1986.46296,25.792215,24.108595,27.550726,3.442131
1986.48899,25.753242,24.074568,27.506561,3.431993
1986.51502,25.714378,24.040548,27.462614,3.422066
1986.54104,25.675623,24.006536,27.418885,3.412349
1986.56707,25.636979,23.972535,27.375377,3.402842
1986.59309,25.598449,23.938546,27.33209,3.393544
1986.61912,25.560032,23.90457,27.289026,3.384456
1986.64515,25.521732,23.870611,27.246185,3.375574
1986.67117,25.483549,23.836671,27.20357,3.366899
1986.6972,25.445486,23.80275,27.161182,3.358432
1986.72322,25.407543,23.768851,27.119021,3.35017
1986.74925,25.369723,23.734977,27.077088,3.342111
1986.77528,25.332027,23.701129,27.035385,3.334256
1986.8013,25.294457,23.667309,26.993912,3.326603
1986.82733,25.257014,23.63352,26.952671,3.319151
1986.85335,25.219699,23.599763,26.911663,3.3119
1986.87938,25.182515,23.566042,26.870887,3.304845
1986.90541,25.145463,23.532358,26.830346,3.297988
1986.93143,25.108544,23.498713,26.790039,3.291326
1986.95746,25.07176,23.465109,26.749968,3.284859
1986.98348,25.035112,23.43155,26.710134,3.278584
1987.00951,24.998602,23.398037,26.670536,3.272499
1987.03554,24.962232,23.364572,26.631176,3.266604
1987.06156,24.926003,23.331158,26.592053,3.260895
1987.08759,24.889916,23.297798,26.55317,3.255372
1987.11361,24.853973,23.264493,26.514526,3.250033
1987.13964,24.818175,23.231246,26.476121,3.244875
1987.16567,24.782525,23.19806,26.437957,3.239897
1987.19169,24.747022,23.164937,26.400033,3.235096
1987.21772,24.71167,23.131879,26.362351,3.230472
1987.24374,24.676469,23.09889,26.324909,3.226019
1987.26977,24.641421,23.06597,26.287709,3.221739
1987.2958,24.606527,23.033124,26.250751,3.217627
1987.32182,24.571788,23.000353,26.214035,3.213682
1987.34785,24.537207,22.967661,26.177562,3.209901
1987.37387,24.502784,22.935049,26.141331,3.206282
1987.3999,24.468521,22.90252,26.105343,3.202823
1987.42593,24.434419,22.870077,26.069598,3.199521
1987.45195,24.40048,22.837722,26.034096,3.196374
1987.47798,24.366706,22.805458,25.998838,3.19338
1987.504,24.333097,22.773288,25.963822,3.190534
1987.53003,24.299655,22.741215,25.92905,3.187835
1987.55606,24.266381,22.70924,25.894522,3.185282
1987.58208,24.233277,22.677367,25.860236,3.182869
1987.60811,24.200344,22.645598,25.826194,3.180596
1987.63413,24.167584,22.613936,25.792396,3.17846
1987.66016,24.134997,22.582383,25.758841,3.176458
1987.68619,24.102586,22.550942,25.725529,3.174587
1987.71221,24.070351,22.519617,25.692461,3.172844
1987.73824,24.038294,22.488409,25.659636,3.171227
1987.76426,24.006417,22.457321,25.627054,3.169733
1987.79029,23.97472,22.426356,25.594715,3.168359
1987.81632,23.943205,22.395517,25.562618,3.167101
1987.84234,23.911874,22.364806,25.530765,3.165959
1987.86837,23.880727,22.334226,25.499154,3.164928
1987.89439,23.849766,22.303779,25.467786,3.164007
1987.92042,23.818992,22.273469,25.436661,3.163192
1987.94645,23.788407,22.243298,25.405777,3.162479
1987.97247,23.758012,22.213268,25.375136,3.161868
1987.9985,23.727808,22.183383,25.344736,3.161353
1988.02453,23.697797,22.153645,25.314579,3.160934
1988.05055,23.667979,22.124056,25.284663,3.160607
1988.07658,23.638357,22.09462,25.254988,3.160368
1988.1026,23.608931,22.065338,25.225554,3.160216
1988.12863,23.579702,22.036214,25.196362,3.160148
1988.15466,23.550673,22.00725,25.167411,3.160161
1988.18068,23.521844,21.978449,25.1387,3.160251
1988.20671,23.493217,21.949813,25.11023,3.160417
1988.23273,23.464792,21.921346,25.082,3.160654
1988.25876,23.436571,21.893049,25.05401,3.160961
1988.28479,23.408556,21.864925,25.026261,3.161336
1988.31081,23.380748,21.836977,24.998751,3.161774
1988.33684,23.353147,21.809207,24.971481,3.162274
1988.36286,23.325756,21.781618,24.944451,3.162833
1988.38889,23.298575,21.754212,24.91766,3.163448
1988.41492,23.271605,21.726992,24.891108,3.164116
1988.44094,23.244849,21.699961,24.864796,3.164835
1988.46697,23.218307,21.673121,24.838722,3.165601
1988.49299,23.19198,21.646474,24.812887,3.166413
1988.51902,23.16587,21.620023,24.787292,3.167269
1988.54505,23.139978,21.59377,24.761934,3.168164
1988.57107,23.114304,21.567718,24.736816,3.169098
1988.5971,23.088852,21.54187,24.711936,3.170066
1988.62312,23.063621,21.516227,24.687294,3.171067
1988.64915,23.038613,21.490792,24.662891,3.172099
1988.67518,23.013828,21.465568,24.638726,3.173158
1988.7012,22.98927,21.440557,24.614799,3.174242
1988.72723,22.964937,21.415761,24.591111,3.17535
1988.75325,22.940833,21.391182,24.567661,3.176479
1988.77928,22.916958,21.366823,24.544449,3.177626
1988.80531,22.893313,21.342687,24.521475,3.178788
1988.83133,22.869899,21.318775,24.49874,3.179965
1988.85736,22.846718,21.29509,24.476243,3.181153
1988.88338,22.823771,21.271635,24.453984,3.182349
1988.90941,22.801059,21.24841,24.431964,3.183554
1988.93544,22.778584,21.225419,24.410182,3.184763
1988.96146,22.756346,21.202664,24.388639,3.185975
1988.98749,22.734347,21.180148,24.367335,3.187187
1989.01351,22.712588,21.157871,24.34627,3.188399
1989.03954,22.69107,21.135837,24.325443,3.189606
1989.06557,22.669795,21.114047,24.304856,3.190809
1989.09159,22.648763,21.092505,24.284508,3.192003
1989.11762,22.627977,21.071211,24.264399,3.193188
1989.14364,22.607436,21.050169,24.244531,3.194362
1989.16967,22.587143,21.029379,24.224902,3.195523
1989.1957,22.567099,21.008845,24.205513,3.196668
1989.22172,22.547304,20.988568,24.186365,3.197797
1989.24775,22.527761,20.968551,24.167458,3.198907
1989.27377,22.508469,20.948795,24.148792,3.199997
1989.2998,22.489432,20.929302,24.130367,3.201065
1989.32583,22.470649,20.910075,24.112184,3.202109
1989.35185,22.452122,20.891116,24.094243,3.203127
1989.37788,22.433852,20.872426,24.076545,3.204119
1989.4039,22.415841,20.854007,24.059089,3.205082
1989.42993,22.39809,20.835862,24.041877,3.206015
1989.45596,22.380599,20.817993,24.024908,3.206915
1989.48198,22.363371,20.8004,24.008184,3.207784
1989.50801,22.346406,20.783087,23.991704,3.208617
1989.53403,22.329706,20.766055,23.975469,3.209414
1989.56006,22.313272,20.749306,23.95948,3.210174
1989.58609,22.297104,20.732842,23.943738,3.210896
1989.61211,22.281206,20.716665,23.928242,3.211577
1989.63814,22.265577,20.700776,23.912993,3.212217
1989.66416,22.250219,20.685178,23.897993,3.212815
1989.69019,22.235133,20.669872,23.883241,3.213369
1989.71622,22.220321,20.65486,23.868738,3.213878
1989.74224,22.205784,20.640144,23.854486,3.214342
1989.76827,22.191522,20.625726,23.840484,3.214758
1989.79429,22.177538,20.611606,23.826733,3.215127
1989.82032,22.163833,20.597788,23.813235,3.215447
1989.84635,22.150407,20.584273,23.799989,3.215716
1989.87237,22.137263,20.571063,23.786997,3.215934
1989.8984,22.124401,20.558158,23.77426,3.216102
1989.92442,22.111823,20.545562,23.761778,3.216216
1989.95045,22.09953,20.533275,23.749552,3.216277
1989.97648,22.087524,20.5213,23.737584,3.216284
1990.0025,22.075805,20.509637,23.725874,3.216237
1990.02853,22.064376,20.498289,23.714422,3.216133
1990.05456,22.053236,20.487257,23.703231,3.215974
1990.08058,22.042389,20.476543,23.692301,3.215758
1990.10661,22.031834,20.466149,23.681632,3.215483
1990.13263,22.021574,20.456075,23.671227,3.215152
1990.15866,22.01161,20.446324,23.661087,3.214763
1990.18469,22.001943,20.436897,23.651211,3.214314
1990.21071,21.992574,20.427796,23.641602,3.213806
1990.23674,21.983505,20.419022,23.632261,3.213239
1990.26276,21.974737,20.410576,23.623189,3.212613
1990.28879,21.966272,20.402461,23.614387,3.211926
1990.31482,21.958111,20.394677,23.605856,3.211179
1990.34084,21.950255,20.387226,23.597599,3.210373
1990.36687,21.942707,20.38011,23.589615,3.209505
1990.39289,21.935466,20.37333,23.581907,3.208577
1990.41892,21.928535,20.366887,23.574476,3.207589
1990.44495,21.921915,20.360782,23.567323,3.206541
1990.47097,21.915607,20.355018,23.560451,3.205433
1990.497,21.909614,20.349596,23.553859,3.204263
1990.52302,21.903936,20.344516,23.547551,3.203035
1990.54905,21.898574,20.33978,23.541527,3.201747
1990.57508,21.893531,20.33539,23.535789,3.200399
1990.6011,21.888808,20.331346,23.53034,3.198994
1990.62713,21.884406,20.327651,23.52518,3.197529
1990.65315,21.880327,20.324305,23.520311,3.196006
1990.67918,21.876572,20.321309,23.515736,3.194427
1990.70521,21.873143,20.318665,23.511455,3.19279
1990.73123,21.87004,20.316373,23.507471,3.191098
1990.75726,21.867261,20.314428,23.50378,3.189352
1990.78328,21.864802,20.312828,23.500383,3.187555
1990.80931,21.86266,20.311567,23.497276,3.185709
1990.83534,21.860834,20.310643,23.494458,3.183815
1990.86136,21.859319,20.310051,23.491928,3.181877
1990.88739,21.858113,20.309787,23.489683,3.179896
1990.91341,21.857213,20.309848,23.487722,3.177874
1990.93944,21.856617,20.310229,23.486044,3.175815
1990.96547,21.85632,20.310926,23.484646,3.17372
1990.99149,21.856321,20.311936,23.483527,3.171591
1991.01752,21.856617,20.313255,23.482685,3.16943
1991.04354,21.857205,20.314878,23.48212,3.167242
1991.06957,21.858081,20.316802,23.481829,3.165027
1991.0956,21.859244,20.319023,23.48181,3.162787
1991.12162,21.86069,20.321536,23.482063,3.160527
1991.14765,21.862417,20.324339,23.482586,3.158247
1991.17367,21.864421,20.327426,23.483377,3.155951
1991.1997,21.8667,20.330794,23.484434,3.15364
1991.22573,21.869252,20.33444,23.485757,3.151317
1991.25175,21.872072,20.338358,23.487344,3.148986
1991.27778,21.87516,20.342546,23.489193,3.146647
1991.3038,21.878511,20.346999,23.491302,3.144303
1991.32983,21.882124,20.351713,23.493672,3.141959
1991.35586,21.885994,20.356685,23.496299,3.139614
1991.38188,21.890121,20.361911,23.499183,3.137272
1991.40791,21.8945,20.367386,23.502322,3.134936
1991.43393,21.899129,20.373107,23.505715,3.132608
1991.45996,21.904006,20.379069,23.50936,3.130291
1991.48599,21.909128,20.38527,23.513256,3.127986
1991.51201,21.914491,20.391704,23.517401,3.125697
1991.53804,21.920094,20.398369,23.521795,3.123426
1991.56406,21.925933,20.40526,23.526435,3.121175
1991.59009,21.932006,20.412373,23.531321,3.118948
1991.61612,21.93831,20.419705,23.53645,3.116745
1991.64214,21.944842,20.427251,23.541822,3.114571
1991.66817,21.9516,20.435008,23.547435,3.112427
1991.69419,21.958581,20.442973,23.553288,3.110315
1991.72022,21.965782,20.45114,23.559378,3.108238
1991.74625,21.973201,20.459507,23.565706,3.106199
1991.77227,21.980835,20.468069,23.572269,3.1042
1991.7983,21.98868,20.476823,23.579065,3.102242
1991.82432,21.996736,20.485765,23.586094,3.100329
1991.85035,22.004998,20.49489,23.593354,3.098464
1991.87638,22.013464,20.504197,23.600843,3.096646
1991.9024,22.022131,20.51368,23.60856,3.09488
1991.92843,22.030998,20.523335,23.616503,3.093168
1991.95445,22.04006,20.53316,23.624672,3.091512
1991.98048,22.049315,20.54315,23.633063,3.089913
1992.00651,22.058762,20.553302,23.641677,3.088375
1992.03253,22.068396,20.563612,23.65051,3.086898
1992.05856,22.078215,20.574076,23.659563,3.085487
1992.08459,22.088217,20.584691,23.668832,3.084141
1992.11061,22.098399,20.595453,23.678316,3.082863
1992.13664,22.108758,20.606359,23.688014,3.081655
1992.16266,22.119292,20.617404,23.697925,3.080521
1992.18869,22.129997,20.628585,23.708045,3.07946
1992.21472,22.140871,20.639899,23.718374,3.078475
1992.24074,22.151912,20.651342,23.72891,3.077568
1992.26677,22.163117,20.662911,23.739651,3.07674
1992.29279,22.174482,20.674602,23.750595,3.075993
1992.31882,22.186006,20.686412,23.761741,3.075329
1992.34485,22.197686,20.698336,23.773086,3.07475
1992.37087,22.209518,20.710373,23.784629,3.074256
1992.3969,22.221501,20.722517,23.796367,3.07385
1992.42292,22.233631,20.734767,23.8083,3.073533
1992.44895,22.245906,20.747118,23.820424,3.073306
1992.47498,22.258323,20.759567,23.832738,3.073171
1992.501,22.270879,20.772111,23.84524,3.073129
1992.52703,22.283572,20.784747,23.857927,3.07318
1992.55305,22.296399,20.797471,23.870798,3.073327
1992.57908,22.309357,20.81028,23.88385,3.07357
1992.60511,22.322443,20.823171,23.897082,3.073911
1992.63113,22.335655,20.836141,23.91049,3.074349
1992.65716,22.34899,20.849186,23.924074,3.074888
1992.68318,22.362446,20.862303,23.937829,3.075526
1992.70921,22.376018,20.87549,23.951755,3.076265
1992.73524,22.389706,20.888743,23.965848,3.077105
1992.76126,22.403506,20.902059,23.980107,3.078048
1992.78729,22.417414,20.915435,23.994528,3.079093
1992.81331,22.43143,20.928869,24.00911,3.080241
1992.83934,22.445549,20.942356,24.02385,3.081494
1992.86537,22.459769,20.955895,24.038744,3.082849
1992.89139,22.474087,20.969482,24.053791,3.084309
1992.91742,22.4885,20.983115,24.068988,3.085873
1992.94344,22.503006,20.996791,24.084332,3.087541
1992.96947,22.517602,21.010506,24.099821,3.089315
1992.9955,22.532285,21.024258,24.11545,3.091192
1993.02152,22.547052,21.038045,24.131219,3.093174
1993.04755,22.561901,21.051864,24.147124,3.09526
1993.07357,22.576828,21.065711,24.163161,3.09745
1993.0996,22.591832,21.079585,24.179328,3.099743
1993.12563,22.606908,21.093483,24.195622,3.102139
1993.15165,22.622054,21.107401,24.21204,3.104639
1993.17768,22.637268,21.121339,24.228579,3.10724
1993.2037,22.652546,21.135292,24.245235,3.109943
1993.22973,22.667886,21.149259,24.262005,3.112746
1993.25576,22.683285,21.163237,24.278887,3.11565
1993.28178,22.698739,21.177224,24.295876,3.118652
1993.30781,22.714247,21.191217,24.31297,3.121753
1993.33383,22.729806,21.205214,24.330164,3.12495
1993.35986,22.745411,21.219212,24.347457,3.128245
1993.38589,22.761061,21.23321,24.364843,3.131633
1993.41191,22.776753,21.247205,24.382321,3.135116
1993.43794,22.792484,21.261195,24.399885,3.13869
1993.46396,22.808251,21.275177,24.417533,3.142356
1993.48999,22.82405,21.289149,24.43526,3.146111
1993.51602,22.83988,21.30311,24.453064,3.149954
1993.54204,22.855737,21.317056,24.47094,3.153884
1993.56807,22.871619,21.330987,24.488885,3.157898
1993.59409,22.887522,21.344899,24.506895,3.161996
1993.62012,22.903443,21.358791,24.524966,3.166175
1993.64615,22.91938,21.372661,24.543094,3.170433
1993.67217,22.935329,21.386506,24.561275,3.174769
1993.6982,22.951289,21.400326,24.579505,3.179179
1993.72422,22.967255,21.414116,24.597781,3.183665
1993.75025,22.983224,21.427877,24.616098,3.188221
1993.77628,22.999195,21.441606,24.634452,3.192846
1993.8023,23.015164,21.4553,24.652839,3.197539
1993.82833,23.031127,21.468959,24.671255,3.202296
1993.85435,23.047083,21.48258,24.689696,3.207116
1993.88038,23.063027,21.496161,24.708157,3.211996
1993.90641,23.078957,21.509701,24.726634,3.216933
1993.93243,23.094871,21.523197,24.745124,3.221927
1993.95846,23.110764,21.536649,24.763621,3.226972
1993.98448,23.126635,21.550054,24.782121,3.232067
1994.01051,23.142479,21.56341,24.800621,3.237211
1994.03654,23.158295,21.576716,24.819115,3.242399
1994.06256,23.174078,21.58997,24.837599,3.247629
1994.08859,23.189827,21.603171,24.856068,3.252897
1994.11462,23.205537,21.616316,24.87452,3.258204
1994.14064,23.221207,21.629404,24.892947,3.263543
1994.16667,23.236832,21.642433,24.911347,3.268914
1994.19269,23.25241,21.655402,24.929715,3.274313
1994.21872,23.267937,21.668309,24.948045,3.279736
1994.24475,23.283412,21.681152,24.966334,3.285182
1994.27077,23.29883,21.69393,24.984577,3.290647
1994.2968,23.314189,21.706642,25.002769,3.296127
1994.32282,23.329485,21.719284,25.020905,3.301621
1994.34885,23.344716,21.731857,25.038982,3.307125
1994.37488,23.359878,21.744358,25.056993,3.312635
1994.4009,23.374968,21.756785,25.074935,3.31815
1994.42693,23.389984,21.769138,25.092802,3.323664
1994.45295,23.404922,21.781414,25.110591,3.329177
1994.47898,23.419778,21.793613,25.128296,3.334683
1994.50501,23.434551,21.805732,25.145912,3.34018
1994.53103,23.449236,21.817769,25.163435,3.345666
1994.55706,23.463831,21.829724,25.180859,3.351135
1994.58308,23.478333,21.841594,25.198181,3.356587
1994.60911,23.492738,21.853379,25.215395,3.362016
1994.63514,23.507044,21.865076,25.232496,3.36742
1994.66116,23.521246,21.876685,25.24948,3.372795
1994.68719,23.535343,21.888202,25.266342,3.37814
1994.71321,23.549331,21.899628,25.283076,3.383448
1994.73924,23.563206,21.910959,25.299679,3.38872
1994.76527,23.576966,21.922196,25.316145,3.393949
1994.79129,23.590608,21.933335,25.332469,3.399134
1994.81732,23.604128,21.944376,25.348646,3.40427
1994.84334,23.617523,21.955317,25.364673,3.409356
1994.86937,23.63079,21.966156,25.380543,3.414387
1994.8954,23.643926,21.976892,25.396252,3.41936
1994.92142,23.656928,21.987522,25.411796,3.424274
1994.94745,23.669792,21.998047,25.427168,3.429121
1994.97347,23.682516,22.008462,25.442365,3.433903
1994.9995,23.695096,22.018768,25.457382,3.438614
1995.02553,23.707529,22.028963,25.472213,3.44325
1995.05155,23.719811,22.039044,25.486855,3.447811
1995.07758,23.731941,22.04901,25.501301,3.452291
1995.1036,23.743914,22.05886,25.515548,3.456688
1995.12963,23.755727,22.068591,25.529591,3.461
1995.15566,23.767377,22.078203,25.543424,3.465221
1995.18168,23.778862,22.087692,25.557043,3.469351
1995.20771,23.790177,22.097058,25.570444,3.473386
1995.23373,23.80132,22.106299,25.583621,3.477322
1995.25976,23.812287,22.115412,25.59657,3.481158
1995.28579,23.823075,22.124396,25.609286,3.48489
1995.31181,23.833681,22.13325,25.621765,3.488515
1995.33784,23.844102,22.141971,25.634001,3.49203
1995.36386,23.854335,22.150558,25.645991,3.495433
1995.38989,23.864376,22.159008,25.657729,3.498721
1995.41592,23.874222,22.16732,25.669211,3.501891
1995.44194,23.883871,22.175491,25.680433,3.504942
1995.46797,23.893318,22.183521,25.691389,3.507868
1995.49399,23.90256,22.191406,25.702076,3.51067
1995.52002,23.911596,22.199145,25.712488,3.513343
1995.54605,23.92042,22.206736,25.722622,3.515886
1995.57207,23.929031,22.214177,25.732473,3.518296
1995.5981,23.937424,22.221465,25.742036,3.520571
1995.62412,23.945597,22.228599,25.751307,3.522708
1995.65015,23.953547,22.235576,25.760283,3.524707
1995.67618,23.96127,22.242395,25.768958,3.526563
1995.7022,23.968763,22.249052,25.777328,3.528276
1995.72823,23.976023,22.255547,25.785389,3.529842
1995.75425,23.983047,22.261876,25.793137,3.531261
1995.78028,23.989831,22.268037,25.800568,3.532531
1995.80631,23.996373,22.274028,25.807678,3.53365
1995.83233,24.002669,22.279847,25.814462,3.534615
1995.85836,24.008716,22.285491,25.820917,3.535426
1995.88438,24.014511,22.290958,25.827039,3.536081
1995.91041,24.020051,22.296245,25.832823,3.536578
1995.93644,24.025334,22.301351,25.83827,3.536919
1995.96246,24.030363,22.306276,25.84338,3.537104
1995.98849,24.035137,22.311022,25.848158,3.537136
1996.01452,24.03966,22.315587,25.852605,3.537018
1996.04054,24.043932,22.319973,25.856725,3.536752
1996.06657,24.047955,22.324179,25.860519,3.53634
1996.09259,24.05173,22.328207,25.863992,3.535785
1996.11862,24.05526,22.332055,25.867147,3.535092
1996.14465,24.058544,22.335726,25.869985,3.534259
1996.17067,24.061586,22.339218,25.87251,3.533292
1996.1967,24.064387,22.342532,25.874725,3.532193
1996.22272,24.066947,22.345668,25.876633,3.530965
1996.24875,24.069269,22.348627,25.878237,3.52961
1996.27478,24.071354,22.351407,25.879541,3.528134
1996.3008,24.073204,22.354011,25.880547,3.526536
1996.32683,24.074821,22.356437,25.881258,3.524821
1996.35285,24.076205,22.358686,25.881678,3.522992
1996.37888,24.077359,22.360757,25.881811,3.521054
1996.40491,24.078284,22.362652,25.881658,3.519006
1996.43093,24.078981,22.364369,25.881224,3.516855
1996.45696,24.079453,22.36591,25.880512,3.514602
1996.48298,24.0797,22.367273,25.879525,3.512252
1996.50901,24.079725,22.36846,25.878267,3.509807
1996.53504,24.079529,22.369469,25.87674,3.507271
1996.56106,24.079113,22.370302,25.874949,3.504647
1996.58709,24.07848,22.370957,25.872896,3.501939
1996.61311,24.07763,22.371436,25.870585,3.499149
1996.63914,24.076566,22.371737,25.868019,3.496282
1996.66517,24.075289,22.371862,25.865203,3.493341
1996.69119,24.073801,22.371809,25.862138,3.490329
1996.71722,24.072103,22.37158,25.858829,3.487249
1996.74324,24.070197,22.371173,25.85528,3.484107
1996.76927,24.068085,22.370589,25.851493,3.480904
1996.7953,24.065767,22.369828,25.847472,3.477644
1996.82132,24.063247,22.36889,25.843221,3.474331
1996.84735,24.060525,22.367775,25.838743,3.470968
1996.87337,24.057604,22.366482,25.834041,3.467559
1996.8994,24.054484,22.365013,25.829119,3.464106
1996.92543,24.051168,22.363366,25.823981,3.460615
1996.95145,24.047656,22.361541,25.81863,3.457089
1996.97748,24.043952,22.35954,25.813069,3.453529
1997.0035,24.040056,22.357361,25.807302,3.449941
1997.02953,24.03597,22.355005,25.801332,3.446327
1997.05556,24.031696,22.352472,25.795163,3.442691
1997.08158,24.027235,22.349761,25.788799,3.439038
1997.10761,24.02259,22.346874,25.782242,3.435368
1997.13363,24.017761,22.343809,25.775497,3.431688
1997.15966,24.012751,22.340567,25.768566,3.427999
1997.18569,24.007561,22.337149,25.761453,3.424304
1997.21171,24.002192,22.333554,25.754162,3.420608
1997.23774,23.996648,22.329781,25.746695,3.416914
1997.26376,23.990928,22.325833,25.739057,3.413224
1997.28979,23.985035,22.321708,25.73125,3.409542
1997.31582,23.978971,22.317406,25.723278,3.405872
1997.34184,23.972737,22.312929,25.715145,3.402216
1997.36787,23.966335,22.308275,25.706853,3.398578
1997.39389,23.959766,22.303446,25.698406,3.39496
1997.41992,23.953033,22.298442,25.689806,3.391364
1997.44595,23.946137,22.293263,25.681059,3.387796
1997.47197,23.939079,22.287908,25.672165,3.384257
1997.498,23.931862,22.282379,25.66313,3.380751
1997.52402,23.924487,22.276676,25.653955,3.377279
1997.55005,23.916956,22.2708,25.644645,3.373845
1997.57608,23.90927,22.26475,25.635201,3.370451
1997.6021,23.901431,22.258526,25.625628,3.367102
1997.62813,23.893442,22.252131,25.615928,3.363797
1997.65415,23.885302,22.245563,25.606104,3.360541
1997.68018,23.877015,22.238824,25.59616,3.357336
1997.70621,23.868582,22.231914,25.586098,3.354184
1997.73223,23.860005,22.224833,25.575921,3.351088
1997.75826,23.851285,22.217583,25.565632,3.348049
1997.78428,23.842424,22.210164,25.555233,3.345069
1997.81031,23.833424,22.202576,25.544729,3.342153
1997.83634,23.824286,22.194821,25.534121,3.3393
1997.86236,23.815012,22.186898,25.523412,3.336514
1997.88839,23.805605,22.17881,25.512605,3.333795
1997.91441,23.796064,22.170556,25.501702,3.331146
1997.94044,23.786393,22.162137,25.490707,3.32857
1997.96647,23.776594,22.153555,25.479621,3.326066
1997.99249,23.766666,22.14481,25.468448,3.323638
1998.01852,23.756613,22.135904,25.457189,3.321285
1998.04455,23.746436,22.126837,25.445847,3.31901
1998.07057,23.736137,22.11761,25.434425,3.316815
1998.0966,23.725718,22.108225,25.422925,3.3147
1998.12262,23.715179,22.098683,25.411349,3.312666
1998.14865,23.704523,22.088984,25.3997,3.310716
1998.17468,23.693752,22.07913,25.387979,3.308849
1998.2007,23.682867,22.069122,25.376189,3.307067
1998.22673,23.67187,22.058963,25.364332,3.305369
1998.25275,23.660763,22.048651,25.35241,3.303759
1998.27878,23.649547,22.038191,25.340425,3.302234
1998.30481,23.638224,22.027582,25.32838,3.300798
1998.33083,23.626796,22.016826,25.316275,3.299449
1998.35686,23.615264,22.005925,25.304113,3.298188
1998.38288,23.60363,21.99488,25.291896,3.297016
1998.40891,23.591896,21.983692,25.279626,3.295934
1998.43494,23.580063,21.972365,25.267303,3.294938
1998.46096,23.568134,21.960898,25.254931,3.294033
1998.48699,23.556109,21.949294,25.24251,3.293216
1998.51301,23.543991,21.937555,25.230043,3.292488
1998.53904,23.531781,21.925683,25.21753,3.291847
1998.56507,23.519481,21.913678,25.204974,3.291296
1998.59109,23.507093,21.901544,25.192375,3.290831
1998.61712,23.494618,21.889281,25.179735,3.290454
1998.64314,23.482057,21.876893,25.167056,3.290163
1998.66917,23.469414,21.864381,25.154339,3.289958
1998.6952,23.456688,21.851746,25.141585,3.289839
1998.72122,23.443883,21.838992,25.128795,3.289803
1998.74725,23.430999,21.82612,25.115971,3.289851
1998.77327,23.418038,21.813132,25.103113,3.289981
1998.7993,23.405002,21.800031,25.090223,3.290192
1998.82533,23.391893,21.786818,25.077302,3.290484
1998.85135,23.378712,21.773497,25.064351,3.290854
1998.87738,23.365461,21.760069,25.051371,3.291302
1998.9034,23.352141,21.746536,25.038362,3.291826
1998.92943,23.338755,21.732901,25.025326,3.292425
1998.95546,23.325304,21.719167,25.012264,3.293097
1998.98148,23.311789,21.705336,24.999175,3.293839
1999.00751,23.298212,21.691409,24.986062,3.294653
1999.03353,23.284575,21.677391,24.972925,3.295534
1999.05956,23.27088,21.663283,24.959764,3.296481
1999.08559,23.257128,21.649087,24.94658,3.297493
1999.11161,23.24332,21.634807,24.933374,3.298567
1999.13764,23.229459,21.620444,24.920146,3.299702
1999.16366,23.215546,21.606002,24.906898,3.300896
1999.18969,23.201582,21.591484,24.893628,3.302144
1999.21572,23.18757,21.576891,24.880339,3.303448
1999.24174,23.173511,21.562226,24.86703,3.304804
1999.26777,23.159406,21.547493,24.853702,3.306209
1999.29379,23.145258,21.532694,24.840356,3.307662
1999.31982,23.131067,21.517831,24.826991,3.30916
1999.34585,23.116836,21.502908,24.813608,3.3107
1999.37187,23.102566,21.487927,24.800207,3.31228
1999.3979,23.088258,21.472891,24.786789,3.313898
1999.42392,23.073915,21.457803,24.773354,3.315551
1999.44995,23.059538,21.442665,24.759902,3.317237
1999.47598,23.045128,21.427481,24.746434,3.318953
1999.502,23.030687,21.412254,24.732949,3.320695
1999.52803,23.016217,21.396985,24.719448,3.322463
1999.55405,23.001719,21.381679,24.705932,3.324253
1999.58008,22.987195,21.366338,24.692399,3.326061
1999.60611,22.972646,21.350964,24.678851,3.327887
1999.63213,22.958075,21.335562,24.665287,3.329725
1999.65816,22.943482,21.320133,24.651708,3.331575
1999.68418,22.928869,21.30468,24.638114,3.333434
1999.71021,22.914239,21.289207,24.624505,3.335298
1999.73624,22.899591,21.273717,24.610881,3.337164
1999.76226,22.884929,21.258212,24.597241,3.339029
1999.78829,22.870253,21.242695,24.583587,3.340892
1999.81431,22.855566,21.227169,24.569918,3.342749
1999.84034,22.840868,21.211638,24.556234,3.344596
1999.86637,22.826161,21.196103,24.542536,3.346433
1999.89239,22.811448,21.180569,24.528822,3.348253
1999.91842,22.796728,21.165037,24.515095,3.350058
1999.94444,22.782005,21.149512,24.501352,3.35184
1999.97047,22.767279,21.133995,24.487595,3.3536
1999.9965,22.752552,21.118489,24.473823,3.355334
2000.02252,22.737826,21.102998,24.460037,3.357039
2000.04855,22.723102,21.087525,24.446237,3.358712
2000.07458,22.708381,21.072072,24.432422,3.36035
2000.1006,22.693666,21.056642,24.418593,3.361951
2000.12663,22.678958,21.041238,24.40475,3.363512
2000.15265,22.664258,21.025863,24.390892,3.365029
2000.17868,22.649568,21.010519,24.37702,3.366501
2000.20471,22.634889,20.995211,24.363134,3.367923
2000.23073,22.620223,20.979939,24.349234,3.369295
2000.25676,22.605572,20.964708,24.33532,3.370612
2000.28278,22.590937,20.94952,24.321392,3.371872
2000.30881,22.576319,20.934377,24.307451,3.373074
2000.33484,22.56172,20.919283,24.293495,3.374212
2000.36086,22.547142,20.90424,24.279527,3.375287
2000.38689,22.532585,20.889251,24.265545,3.376294
2000.41291,22.518052,20.874319,24.25155,3.377231
2000.43894,22.503545,20.859446,24.237542,3.378096
2000.46497,22.489063,20.844634,24.223521,3.378887
2000.49099,22.47461,20.829888,24.209487,3.379599
2000.51702,22.460187,20.815208,24.195441,3.380233
2000.54304,22.445794,20.800599,24.181384,3.380785
2000.56907,22.431434,20.786061,24.167314,3.381253
2000.5951,22.417108,20.771599,24.153233,3.381634
2000.62112,22.402817,20.757214,24.13914,3.381926
2000.64715,22.388564,20.742909,24.125037,3.382128
2000.67317,22.374348,20.728686,24.110923,3.382237
2000.6992,22.360173,20.714548,24.096799,3.382251
2000.72523,22.34604,20.700497,24.082666,3.382169
2000.75125,22.331949,20.686535,24.068523,3.381988
2000.77728,22.317902,20.672666,24.054371,3.381705
2000.8033,22.303902,20.65889,24.040211,3.381321
2000.82933,22.289948,20.645211,24.026044,3.380833
2000.85536,22.276044,20.631631,24.011869,3.380238
2000.88138,22.262189,20.618152,23.997688,3.379536
2000.90741,22.248386,20.604775,23.983501,3.378726
2000.93343,22.234637,20.591504,23.969308,3.377804
2000.95946,22.220942,20.57834,23.955112,3.376772
2000.98549,22.207303,20.565286,23.940911,3.375625
2001.01151,22.193721,20.552343,23.926707,3.374364
2001.03754,22.180199,20.539513,23.912502,3.372989
2001.06356,22.166736,20.526798,23.898295,3.371497
2001.08959,22.153336,20.514201,23.884087,3.369886
2001.11562,22.139999,20.501722,23.869881,3.368159
2001.14164,22.126725,20.489362,23.855675,3.366313
2001.16767,22.113512,20.477119,23.84147,3.364351
2001.19369,22.100361,20.464989,23.827266,3.362277
2001.21972,22.087268,20.452971,23.813062,3.360091
2001.24575,22.074235,20.441063,23.798858,3.357795
2001.27177,22.061258,20.429262,23.784656,3.355394
2001.2978,22.048337,20.417567,23.770453,3.352886
2001.32382,22.035471,20.405974,23.756252,3.350278
2001.34985,22.022658,20.394482,23.742051,3.347569
2001.37588,22.009898,20.383088,23.727851,3.344763
2001.4019,21.997188,20.371789,23.713652,3.341863
2001.42793,21.984529,20.360584,23.699454,3.33887
2001.45395,21.971918,20.349469,23.685258,3.335789
2001.47998,21.959355,20.338443,23.671063,3.33262
2001.50601,21.946838,20.327503,23.656871,3.329368
2001.53203,21.934367,20.316646,23.64268,3.326034
2001.55806,21.92194,20.30587,23.628493,3.322623
2001.58408,21.909555,20.295172,23.614308,3.319136
2001.61011,21.897212,20.28455,23.600127,3.315577
2001.63614,21.88491,20.274001,23.58595,3.311949
2001.66216,21.872647,20.263523,23.571777,3.308254
2001.68819,21.860422,20.253112,23.557608,3.304496
2001.71421,21.848234,20.242767,23.543445,3.300678
2001.74024,21.836082,20.232485,23.529287,3.296802
2001.76627,21.823965,20.222263,23.515136,3.292873
2001.79229,21.811881,20.212098,23.50099,3.288892
2001.81832,21.79983,20.201989,23.486852,3.284863
2001.84434,21.78781,20.191931,23.472722,3.280791
2001.87037,21.77582,20.181924,23.4586,3.276676
2001.8964,21.763858,20.171963,23.444486,3.272523
2001.92242,21.751925,20.162046,23.430382,3.268336
2001.94845,21.740018,20.152171,23.416287,3.264116
2001.97447,21.728137,20.142334,23.402203,3.259869
2002.0005,21.71628,20.132534,23.38813,3.255596
2002.02653,21.704447,20.122768,23.374068,3.2513
2002.05255,21.692635,20.113032,23.360018,3.246986
2002.07858,21.680844,20.103324,23.345981,3.242657
2002.10461,21.669073,20.093642,23.331958,3.238316
2002.13063,21.657321,20.083983,23.317948,3.233965
2002.15666,21.645586,20.074344,23.303953,3.229609
2002.18268,21.633868,20.064722,23.289972,3.22525
2002.20871,21.622164,20.055116,23.276008,3.220892
2002.23474,21.610475,20.045521,23.262059,3.216538
2002.26076,21.598799,20.035936,23.248128,3.212192
2002.28679,21.587135,20.026358,23.234214,3.207856
2002.31281,21.575482,20.016784,23.220317,3.203533
2002.33884,21.563838,20.007212,23.206439,3.199227
2002.36487,21.552203,19.997639,23.19258,3.194941
2002.39089,21.540575,19.988062,23.178741,3.190679
2002.41692,21.528953,19.97848,23.164921,3.186441
2002.44294,21.517337,19.968888,23.151122,3.182234
2002.46897,21.505724,19.959286,23.137344,3.178058
2002.495,21.494115,19.949669,23.123588,3.173919
2002.52102,21.482507,19.940037,23.109854,3.169817
2002.54705,21.4709,19.930385,23.096142,3.165757
2002.57307,21.459293,19.920713,23.082452,3.161739
2002.5991,21.447684,19.911017,23.068786,3.157769
2002.62513,21.436073,19.901294,23.055144,3.15385
2002.65115,21.424458,19.891543,23.041526,3.149983
2002.67718,21.412838,19.881761,23.027932,3.146171
2002.7032,21.401212,19.871946,23.014362,3.142416
2002.72923,21.389579,19.862096,23.000818,3.138722
2002.75526,21.377939,19.852207,22.987298,3.135091
2002.78128,21.366289,19.842278,22.973805,3.131527
2002.80731,21.354629,19.832307,22.960336,3.128029
2002.83333,21.342957,19.822291,22.946894,3.124603
2002.85936,21.331273,19.812228,22.933477,3.121249
2002.88539,21.319576,19.802116,22.920087,3.117971
2002.91141,21.307864,19.791953,22.906723,3.11477
2002.93744,21.296136,19.781737,22.893385,3.111648
2002.96346,21.284392,19.771465,22.880073,3.108608
2002.98949,21.27263,19.761136,22.866788,3.105652
2003.01552,21.260849,19.750748,22.853528,3.10278
2003.04154,21.249048,19.740298,22.840295,3.099997
2003.06757,21.237225,19.729785,22.827088,3.097303
2003.09359,21.225381,19.719207,22.813906,3.094699
2003.11962,21.213514,19.708562,22.800751,3.092189
2003.14565,21.201622,19.697848,22.78762,3.089772
2003.17167,21.189705,19.687064,22.774515,3.087451
2003.1977,21.177762,19.676207,22.761435,3.085228
2003.22372,21.165791,19.665276,22.748379,3.083103
2003.24975,21.153792,19.65427,22.735346,3.081076
2003.27578,21.141763,19.643187,22.722338,3.079151
2003.3018,21.129704,19.632025,22.709353,3.077328
2003.32783,21.117613,19.620783,22.69639,3.075607
2003.35385,21.105489,19.609459,22.683449,3.07399
2003.37988,21.093332,19.598052,22.67053,3.072478
2003.40591,21.08114,19.58656,22.657631,3.071071
2003.43193,21.068912,19.574983,22.644752,3.069769
2003.45796,21.056647,19.563319,22.631892,3.068573
2003.48398,21.044344,19.551566,22.619051,3.067485
2003.51001,21.032002,19.539723,22.606228,3.066505
2003.53604,21.01962,19.52779,22.593421,3.065631
2003.56206,21.007197,19.515766,22.580629,3.064863
2003.58809,20.994732,19.503648,22.567853,3.064205
2003.61411,20.982224,19.491436,22.55509,3.063654
2003.64014,20.969672,19.47913,22.54234,3.06321
2003.66617,20.957075,19.466728,22.529601,3.062873
2003.69219,20.944432,19.45423,22.516873,3.062643
2003.71822,20.931741,19.441633,22.504154,3.062521
2003.74424,20.919002,19.428939,22.491442,3.062503
2003.77027,20.906214,19.416146,22.478738,3.062592
2003.7963,20.893376,19.403253,22.466038,3.062785
2003.82232,20.880487,19.39026,22.453342,3.063082
2003.84835,20.867545,19.377166,22.440648,3.063482
2003.87437,20.85455,19.363971,22.427956,3.063985
2003.9004,20.841501,19.350674,22.415262,3.064588
2003.92643,20.828396,19.337275,22.402566,3.065291
2003.95245,20.815236,19.323772,22.389867,3.066095
2003.97848,20.802018,19.310167,22.377161,3.066994
2004.00451,20.788741,19.296458,22.364449,3.067991
2004.03053,20.775406,19.282645,22.351727,3.069082
2004.05656,20.76201,19.268728,22.338995,3.070267
2004.08258,20.748553,19.254707,22.32625,3.071543
2004.10861,20.735034,19.240581,22.313491,3.07291
2004.13464,20.721451,19.226351,22.300715,3.074364
2004.16066,20.707805,19.212017,22.287921,3.075904
2004.18669,20.694093,19.197577,22.275107,3.07753
2004.21271,20.680315,19.183033,22.262271,3.079238
2004.23874,20.66647,19.168384,22.24941,3.081026
2004.26477,20.652557,19.15363,22.236523,3.082893
2004.29079,20.638575,19.138772,22.223607,3.084835
2004.31682,20.624522,19.123809,22.210661,3.086852
2004.34284,20.610399,19.108742,22.197682,3.08894
2004.36887,20.596204,19.09357,22.184668,3.091098
2004.3949,20.581937,19.078295,22.171617,3.093322
2004.42092,20.567595,19.062916,22.158526,3.09561
2004.44695,20.553178,19.047433,22.145394,3.097961
2004.47297,20.538686,19.031847,22.132217,3.10037
2004.499,20.524117,19.016158,22.118995,3.102837
2004.52503,20.509471,19.000367,22.105724,3.105357
2004.55105,20.494746,18.984474,22.092401,3.107927
2004.57708,20.479941,18.968478,22.079026,3.110548
2004.6031,20.465056,18.952382,22.065594,3.113212
2004.62913,20.45009,18.936184,22.052104,3.11592
2004.65516,20.435041,18.919886,22.038554,3.118668
2004.68118,20.41991,18.903487,22.02494,3.121453
2004.70721,20.404694,18.88699,22.011261,3.124271
2004.73323,20.389393,18.870393,21.997514,3.127121
2004.75926,20.374006,18.853697,21.983696,3.129999
2004.78529,20.358533,18.836904,21.969805,3.132901
2004.81131,20.342971,18.820013,21.955839,3.135826
2004.83734,20.327321,18.803025,21.941795,3.13877
2004.86336,20.311582,18.785941,21.927669,3.141728
2004.88939,20.295752,18.768761,21.913461,3.1447
2004.91542,20.27983,18.751486,21.899167,3.147681
2004.94144,20.263817,18.734117,21.884785,3.150668
2004.96747,20.24771,18.716653,21.870312,3.153659
2004.99349,20.231509,18.699096,21.855746,3.15665
2005.01952,20.215214,18.681447,21.841084,3.159637
2005.04555,20.198823,18.663705,21.826323,3.162618
2005.07157,20.182335,18.645872,21.811462,3.16559
2005.0976,20.165749,18.627948,21.796497,3.168549
2005.12362,20.149066,18.609934,21.781426,3.171492
2005.14965,20.132283,18.59183,21.766246,3.174416
2005.17568,20.1154,18.573637,21.750955,3.177318
2005.2017,20.098416,18.555356,21.735551,3.180195
2005.22773,20.081331,18.536988,21.720031,3.183043
2005.25375,20.064143,18.518532,21.704392,3.18586
2005.27978,20.046851,18.49999,21.688632,3.188642
2005.30581,20.029455,18.481363,21.672748,3.191385
2005.33183,20.011955,18.46265,21.656739,3.194089
2005.35786,19.994348,18.443852,21.6406,3.196748
2005.38388,19.976634,18.424971,21.624331,3.19936
2005.40991,19.958813,18.406007,21.607929,3.201922
2005.43594,19.940884,18.386959,21.591391,3.204432
2005.46196,19.922845,18.36783,21.574715,3.206885
2005.48799,19.904697,18.348619,21.557898,3.209279
2005.51401,19.886438,18.329327,21.540939,3.211612
2005.54004,19.868067,18.309954,21.523834,3.21388
2005.56607,19.849584,18.290502,21.506582,3.21608
2005.59209,19.830987,18.27097,21.489181,3.218211
2005.61812,19.812277,18.251359,21.471627,3.220268
2005.64414,19.793452,18.23167,21.453919,3.222249
2005.67017,19.774512,18.211903,21.436055,3.224152
2005.6962,19.755455,18.192058,21.418032,3.225974
2005.72222,19.736282,18.172137,21.399849,3.227712
2005.74825,19.71699,18.152139,21.381502,3.229363
2005.77427,19.69758,18.132065,21.362991,3.230926
2005.8003,19.678051,18.111915,21.344313,3.232398
2005.82633,19.658402,18.091689,21.325466,3.233777
2005.85235,19.638632,18.071389,21.306448,3.235059
2005.87838,19.618741,18.051014,21.287257,3.236243
2005.9044,19.598728,18.030564,21.267891,3.237327
2005.93043,19.578592,18.010041,21.248349,3.238308
2005.95646,19.558332,17.989443,21.228628,3.239185
2005.98248,19.537947,17.968772,21.208726,3.239954
2006.00851,19.517438,17.948028,21.188643,3.240615
2006.03454,19.496803,17.92721,21.168375,3.241165
2006.06056,19.476042,17.906319,21.147922,3.241603
2006.08659,19.455153,17.885356,21.127282,3.241926
2006.11261,19.434137,17.864319,21.106454,3.242135
2006.13864,19.412992,17.84321,21.085434,3.242224
2006.16467,19.391719,17.822028,21.064224,3.242196
2006.19069,19.370315,17.800773,21.042819,3.242046
2006.21672,19.348781,17.779446,21.02122,3.241774
2006.24274,19.327116,17.758046,20.999426,3.24138
2006.26877,19.305319,17.736573,20.977433,3.24086
2006.2948,19.283389,17.715027,20.955242,3.240215
2006.32082,19.261327,17.693408,20.932852,3.239444
2006.34685,19.239133,17.671716,20.910263,3.238547
2006.37287,19.216807,17.649952,20.887478,3.237526
2006.3989,19.194352,17.628115,20.864498,3.236383
2006.42493,19.171768,17.606207,20.841327,3.23512
2006.45095,19.149056,17.584227,20.817965,3.233738
2006.47698,19.126218,17.562175,20.794415,3.23224
2006.503,19.103254,17.540052,20.77068,3.230628
2006.52903,19.080166,17.517858,20.746761,3.228903
2006.55506,19.056956,17.495593,20.722662,3.227069
2006.58108,19.033623,17.473257,20.698383,3.225126
2006.60711,19.01017,17.450849,20.673929,3.22308
2006.63313,18.986598,17.428371,20.649301,3.22093
2006.65916,18.962907,17.405822,20.624502,3.21868
2006.68519,18.939098,17.383202,20.599533,3.216331
2006.71121,18.915174,17.36051,20.574399,3.213889
2006.73724,18.891135,17.337747,20.549101,3.211354
2006.76326,18.866982,17.314913,20.523642,3.208729
2006.78929,18.842716,17.292007,20.498025,3.206018
2006.81532,18.818339,17.269029,20.472252,3.203223
2006.84134,18.793852,17.245979,20.446326,3.200347
2006.86737,18.769255,17.222856,20.420249,3.197393
2006.89339,18.74455,17.199661,20.394025,3.194364
2006.91942,18.719739,17.176393,20.367657,3.191264
2006.94545,18.694822,17.153051,20.341146,3.188095
2006.97147,18.6698,17.129636,20.314497,3.184861
2006.9975,18.644674,17.106146,20.287711,3.181565
2007.02352,18.619447,17.082582,20.260792,3.17821
2007.04955,18.594118,17.058944,20.233743,3.174799
2007.07558,18.568689,17.035229,20.206566,3.171337
2007.1016,18.543161,17.011439,20.179265,3.167826
2007.12763,18.517535,16.987573,20.151842,3.164269
2007.15365,18.491813,16.963629,20.1243,3.160671
2007.17968,18.465995,16.939608,20.096643,3.157035
2007.20571,18.440083,16.91551,20.068874,3.153364
2007.23173,18.414078,16.891332,20.040995,3.149663
2007.25776,18.38798,16.867076,20.01301,3.145934
2007.28378,18.361791,16.842739,19.984921,3.142182
2007.30981,18.335513,16.818323,19.956732,3.138409
2007.33584,18.309145,16.793825,19.928446,3.134621
2007.36186,18.28269,16.769246,19.900067,3.130821
2007.38789,18.256149,16.744585,19.871596,3.127011
2007.41391,18.229522,16.719841,19.843037,3.123196
2007.43994,18.202811,16.695013,19.814394,3.119381
2007.46597,18.176016,16.670101,19.78567,3.115569
2007.49199,18.14914,16.645103,19.756867,3.111764
2007.51802,18.122182,16.62002,19.72799,3.10797
2007.54404,18.095145,16.594851,19.69904,3.104189
2007.57007,18.068028,16.569595,19.670022,3.100427
2007.5961,18.040835,16.54425,19.640938,3.096688
2007.62212,18.013564,16.518818,19.611792,3.092974
2007.64815,17.986218,16.493295,19.582586,3.089291
2007.67417,17.958798,16.467683,19.553325,3.085642
2007.7002,17.931304,16.44198,19.524011,3.082031
2007.72623,17.903738,16.416186,19.494647,3.078461
2007.75225,17.876101,16.390299,19.465237,3.074938
2007.77828,17.848394,16.364319,19.435783,3.071464
2007.8043,17.820618,16.338245,19.40629,3.068045
2007.83033,17.792775,16.312077,19.37676,3.064683
2007.85636,17.764864,16.285814,19.347195,3.061381
2007.88238,17.736888,16.259454,19.317601,3.058147
2007.90841,17.708847,16.232998,19.287979,3.054981
2007.93443,17.680742,16.206445,19.258332,3.051887
2007.96046,17.652575,16.179793,19.228664,3.048871
2007.98649,17.624346,16.153043,19.198978,3.045935
2008.01251,17.596058,16.126193,19.169277,3.043084
2008.03854,17.567709,16.099243,19.139564,3.040321
2008.06457,17.539303,16.072192,19.109842,3.03765
2008.09059,17.510839,16.045039,19.080115,3.035076
2008.11662,17.482319,16.017785,19.050384,3.032599
2008.14264,17.453744,15.990427,19.020653,3.030226
2008.16867,17.425115,15.962967,18.990925,3.027958
2008.1947,17.396433,15.935402,18.961204,3.025802
2008.22072,17.367699,15.907733,18.931491,3.023758
2008.24675,17.338914,15.879959,18.90179,3.021831
2008.27277,17.310079,15.852079,18.872103,3.020024
2008.2988,17.281195,15.824093,18.842434,3.018341
2008.32483,17.252263,15.796001,18.812785,3.016784
2008.35085,17.223284,15.767802,18.783159,3.015357
2008.37688,17.19426,15.739495,18.753559,3.014064
2008.4029,17.165191,15.71108,18.723987,3.012907
2008.42893,17.136078,15.682558,18.694446,3.011888
2008.45496,17.106922,15.653927,18.664939,3.011012
2008.48098,17.077724,15.625187,18.635468,3.010281
2008.50701,17.048486,15.596338,18.606036,3.009698
2008.53303,17.019208,15.567379,18.576645,3.009266
2008.55906,16.989891,15.538312,18.547298,3.008986
2008.58509,16.960536,15.509134,18.517996,3.008862
2008.61111,16.931145,15.479847,18.488744,3.008897
2008.63714,16.901717,15.450449,18.459542,3.009093
2008.66316,16.872255,15.420942,18.430393,3.009451
2008.68919,16.842759,15.391325,18.401299,3.009974
2008.71522,16.813231,15.361598,18.372263,3.010665
2008.74124,16.78367,15.331761,18.343286,3.011525
2008.76727,16.754079,15.301814,18.314372,3.012558
2008.79329,16.724457,15.271757,18.28552,3.013763
2008.81932,16.694807,15.241591,18.256735,3.015144
2008.84535,16.665128,15.211315,18.228017,3.016702
2008.87137,16.635423,15.180931,18.199369,3.018438
2008.8974,16.605691,15.150438,18.170792,3.020354
2008.92342,16.575934,15.119836,18.142287,3.022451
2008.94945,16.546153,15.089127,18.113858,3.024731
2008.97548,16.516349,15.05831,18.085505,3.027195
2009.0015,16.486522,15.027386,18.057231,3.029845
2009.02753,16.456674,14.996355,18.029035,3.03268
2009.05355,16.426806,14.965219,18.000921,3.035702
2009.07958,16.396917,14.933977,17.972889,3.038912
2009.10561,16.367011,14.902631,17.944942,3.042311
2009.13163,16.337086,14.87118,17.917079,3.045899
2009.15766,16.307145,14.839627,17.889303,3.049676
2009.18368,16.277188,14.807971,17.861615,3.053644
2009.20971,16.247216,14.776214,17.834015,3.057801
2009.23574,16.21723,14.744356,17.806506,3.06215
2009.26176,16.187231,14.712398,17.779088,3.06669
2009.28779,16.157219,14.680341,17.751761,3.07142
2009.31381,16.127196,14.648187,17.724528,3.076341
2009.33984,16.097163,14.615936,17.697388,3.081452
2009.36587,16.06712,14.58359,17.670343,3.086753
2009.39189,16.037068,14.551149,17.643394,3.092245
2009.41792,16.007008,14.518615,17.616541,3.097926
2009.44394,15.976942,14.485989,17.589785,3.103796
2009.46997,15.946869,14.453272,17.563126,3.109854
2009.496,15.916791,14.420466,17.536566,3.1161
2009.52202,15.886709,14.387571,17.510104,3.122533
2009.54805,15.856623,14.35459,17.483741,3.129151
2009.57407,15.826534,14.321523,17.457478,3.135955
2009.6001,15.796444,14.288373,17.431314,3.142941
2009.62613,15.766353,14.25514,17.405251,3.150111
2009.65215,15.736261,14.221826,17.379289,3.157463
2009.67818,15.70617,14.188433,17.353427,3.164994
2009.7042,15.676081,14.154962,17.327667,3.172705
2009.73023,15.645994,14.121415,17.302008,3.180593
2009.75626,15.61591,14.087794,17.27645,3.188656
2009.78228,15.58583,14.054099,17.250993,3.196894
2009.80831,15.555755,14.020334,17.225638,3.205304
2009.83433,15.525685,13.986499,17.200385,3.213886
2009.86036,15.495622,13.952596,17.175233,3.222637
2009.88639,15.465567,13.918627,17.150182,3.231555
2009.91241,15.435519,13.884594,17.125233,3.240639
2009.93844,15.40548,13.850498,17.100384,3.249886
2009.96446,15.37545,13.816342,17.075637,3.259295
2009.99049,15.345431,13.782128,17.050991,3.268863
2010.01652,15.315423,13.747856,17.026445,3.278589
2010.04254,15.285427,13.71353,17.001999,3.288469
2010.06857,15.255444,13.67915,16.977654,3.298504
2010.0946,15.225474,13.644719,16.953408,3.308689
2010.12062,15.195518,13.610239,16.929262,3.319023
2010.14665,15.165578,13.575712,16.905214,3.329502
2010.17267,15.135653,13.541139,16.881266,3.340127
2010.1987,15.105745,13.506523,16.857415,3.350892
2010.22473,15.075854,13.471866,16.833663,3.361797
2010.25075,15.04598,13.437168,16.810007,3.372839
2010.27678,15.016126,13.402434,16.786449,3.384015
2010.3028,14.986291,13.367664,16.762987,3.395323
2010.32883,14.956476,13.33286,16.739621,3.406761
2010.35486,14.926683,13.298025,16.71635,3.418325
2010.38088,14.89691,13.26316,16.693174,3.430014
2010.40691,14.86716,13.228268,16.670092,3.441824
2010.43293,14.837434,13.193351,16.647104,3.453753
2010.45896,14.807731,13.158409,16.624209,3.4658
2010.48499,14.778052,13.123446,16.601406,3.47796
2010.51101,14.748399,13.088464,16.578696,3.490232
2010.53704,14.718771,13.053464,16.556076,3.502612
2010.56306,14.68917,13.018449,16.533548,3.515099
2010.58909,14.659596,12.98342,16.511109,3.527689
2010.61512,14.630051,12.948379,16.48876,3.540381
2010.64114,14.600533,12.913329,16.466499,3.55317
2010.66717,14.571045,12.878271,16.444327,3.566056
2010.69319,14.541587,12.843208,16.422242,3.579034
2010.71922,14.51216,12.808141,16.400243,3.592102
2010.74525,14.482764,12.773072,16.378331,3.605259
2010.77127,14.453399,12.738003,16.356504,3.618501
2010.7973,14.424068,12.702937,16.334761,3.631824
2010.82332,14.394769,12.667874,16.313103,3.645229
2010.84935,14.365505,12.632818,16.291528,3.65871
2010.87538,14.336275,12.597769,16.270035,3.672266
2010.9014,14.30708,12.56273,16.248625,3.685895
2010.92743,14.27792,12.527703,16.227295,3.699592
2010.95345,14.248797,12.492689,16.206046,3.713357
2010.97948,14.219712,12.457691,16.184877,3.727186
2011.00551,14.190663,12.42271,16.163787,3.741077
2011.03153,14.161653,12.387748,16.142775,3.755027
2011.05756,14.132682,12.352807,16.121841,3.769034
2011.08358,14.10375,12.317888,16.100985,3.783097
2011.10961,14.074859,12.282994,16.080204,3.79721
2011.13564,14.046008,12.248126,16.059499,3.811373
2011.16166,14.017198,12.213286,16.038869,3.825583
2011.18769,13.98843,12.178476,16.018313,3.839837
2011.21371,13.959704,12.143698,15.997831,3.854133
2011.23974,13.931022,12.108952,15.977422,3.86847
2011.26577,13.902382,12.074242,15.957085,3.882843
2011.29179,13.873787,12.039568,15.93682,3.897252
2011.31782,13.845237,12.004932,15.916625,3.911693
2011.34384,13.816732,11.970336,15.896501,3.926165
2011.36987,13.788273,11.935781,15.876446,3.940665
2011.3959,13.75986,11.90127,15.85646,3.95519
2011.42192,13.731494,11.866804,15.836542,3.969738
2011.44795,13.703175,11.832383,15.816692,3.984309
2011.47397,13.674905,11.798011,15.796909,3.998898
2011.5,13.646683,11.763688,15.777192,4.013504
